[
  {
    "word": "телефон",
    "subwords": [
      "енол",
      "енот",
      "лете",
      "лето",
      "отел",
      "тело",
      "тлен",
      "флот",
      "фоне",
      "ленто",
      "леоне",
      "телеф",
      "фенол",
      "тефлон"
    ]
  },
  {
    "word": "машина",
    "subwords": [
      "амин",
      "инам",
      "ишан",
      "мана",
      "маша",
      "мина",
      "миша",
      "наим",
      "нами",
      "наша",
      "наши",
      "ниша",
      "шина",
      "машин",
      "нашим",
      "шаман",
      "шинам"
    ]
  },
  {
    "word": "монитор",
    "subwords": [
      "миро",
      "мирт",
      "орто",
      "рино",
      "ритм",
      "ртом",
      "тмин",
      "тори",
      "трио",
      "трон",
      "минор",
      "мирон",
      "мотор",
      "норит",
      "орион",
      "ритон",
      "ротон",
      "тимор",
      "торон",
      "троим",
      "морион",
      "трином",
      "моторин"]
      }
    ]