{
  "Транспорт": {
    "100": {
      "question": "plane",
      "answer": "самолёт",
      "asked": false
    },
    "200": {
      "question": "train",
      "answer": "поезд",
      "asked": false
    },
    "300": {
      "question": "boarding",
      "answer": "погрузка",
      "asked": false
    }
  },
  "Животные": {
    "100": {
      "question": "dog",
      "answer": "собака",
      "asked": false
    },
    "200": {
      "question": "shark",
      "answer": "акула",
      "asked": false
    },
    "300": {
      "question": "sparrow",
      "answer": "воробей",
      "asked": false
    }
  },
  "Еда": {
    "100": {
      "question": "apple",
      "answer": "яблоко",
      "asked": false
    },
    "200": {
      "question": "berry",
      "answer": "ягода",
      "asked": false
    },
    "300": {
      "question": "venison",
      "answer": "оленина",
      "asked": false
    }
  }
}